{
  "0":{
    "Coord_1":389.0776977539,
    "Coord_2":138.0132293701,
    "Coord_3":499.7907714844,
    "Coord_4":311.2637939453,
    "Center_X":444.0,
    "Center_Y":224.5,
    "Normalized_Center_X":3.88,
    "Normalized_Center_Y":2.9933333333,
    "Depth":0.872286378,
    "Background_depth":-3.91271287,
    "Confidence":0.6581619382,
    "Furniture_category":1
  },
  "1":{
    "Coord_1":109.3497467041,
    "Coord_2":169.6902923584,
    "Coord_3":365.3274536133,
    "Coord_4":374.2655029297,
    "Center_X":237.0,
    "Center_Y":271.5,
    "Normalized_Center_X":-0.26,
    "Normalized_Center_Y":3.62,
    "Depth":2.7196383509,
    "Background_depth":-3.91271287,
    "Confidence":0.706893146,
    "Furniture_category":1
  },
  "2":{
    "Coord_1":275.0194091797,
    "Coord_2":139.5180664062,
    "Coord_3":445.7264404297,
    "Coord_4":301.2710266113,
    "Center_X":360.0,
    "Center_Y":220.0,
    "Normalized_Center_X":2.2,
    "Normalized_Center_Y":2.9333333333,
    "Depth":0.3486972943,
    "Background_depth":-3.91271287,
    "Confidence":0.6119801998,
    "Furniture_category":1
  },
  "3":{
    "Coord_1":351.4198608398,
    "Coord_2":107.9525604248,
    "Coord_3":445.3032226562,
    "Coord_4":240.0805511475,
    "Center_X":398.0,
    "Center_Y":174.0,
    "Normalized_Center_X":2.96,
    "Normalized_Center_Y":2.32,
    "Depth":-1.2043551649,
    "Background_depth":-3.91271287,
    "Confidence":0.6198083758,
    "Furniture_category":0
  },
  "4":{
    "Coord_1":276.4653930664,
    "Coord_2":112.1036148071,
    "Coord_3":365.9188232422,
    "Coord_4":210.0606994629,
    "Center_X":321.0,
    "Center_Y":161.0,
    "Normalized_Center_X":1.42,
    "Normalized_Center_Y":2.1466666667,
    "Depth":-1.2506475926,
    "Background_depth":-3.91271287,
    "Confidence":0.518840909,
    "Furniture_category":0
  }
}