{
  "0":{
    "Coord_1":94.8053817749,
    "Coord_2":306.546081543,
    "Coord_3":209.9945678711,
    "Coord_4":487.7857666016,
    "Center_X":152.0,
    "Center_Y":397.0,
    "Normalized_Center_X":-1.96,
    "Normalized_Center_Y":2.9804804805,
    "Depth":1.982924819,
    "Background_depth":-3.6440639496,
    "Confidence":0.7550022602,
    "Furniture_category":0
  },
  "1":{
    "Coord_1":200.0690612793,
    "Coord_2":288.2547912598,
    "Coord_3":274.3992919922,
    "Coord_4":396.6595153809,
    "Center_X":237.0,
    "Center_Y":342.0,
    "Normalized_Center_X":-0.26,
    "Normalized_Center_Y":2.5675675676,
    "Depth":0.8285982609,
    "Background_depth":-3.6440639496,
    "Confidence":0.7094196677,
    "Furniture_category":0
  },
  "2":{
    "Coord_1":130.9214172363,
    "Coord_2":371.0414428711,
    "Coord_3":439.299041748,
    "Coord_4":664.8458862305,
    "Center_X":285.0,
    "Center_Y":517.5,
    "Normalized_Center_X":0.7,
    "Normalized_Center_Y":3.8851351351,
    "Depth":3.306596756,
    "Background_depth":-3.6440639496,
    "Confidence":0.679412365,
    "Furniture_category":1
  }
}